[
  {
    "name": "DLYSLSRPT.COB",
    "path": "/xconv/promptora/invensys/input/src\\COBOL\\DLYSLSRPT.COB",
    "type": "COBOL"
  },
  {
    "name": "LOADDATA.COB",
    "path": "/xconv/promptora/invensys/input/src\\COBOL\\LOADDATA.COB",
    "type": "COBOL"
  },
  {
    "name": "REPORTS.COB",
    "path": "/xconv/promptora/invensys/input/src\\COBOL\\REPORTS.COB",
    "type": "COBOL"
  },
  {
    "name": "RPTORD.COB",
    "path": "/xconv/promptora/invensys/input/src\\COBOL\\RPTORD.COB",
    "type": "COBOL"
  },
  {
    "name": "RPTSTOR.COB",
    "path": "/xconv/promptora/invensys/input/src\\COBOL\\RPTSTOR.COB",
    "type": "COBOL"
  },
  {
    "name": "FILEDEFS.CPY",
    "path": "/xconv/promptora/invensys/input/src\\COBOL/copybooks\\FILEDEFS.CPY",
    "type": "COBOL/copybooks"
  },
  {
    "name": "MQDEFN.CPY",
    "path": "/xconv/promptora/invensys/input/src\\COBOL/copybooks\\MQDEFN.CPY",
    "type": "COBOL/copybooks"
  },
  {
    "name": "ORDRPT.CPY",
    "path": "/xconv/promptora/invensys/input/src\\COBOL/copybooks\\ORDRPT.CPY",
    "type": "COBOL/copybooks"
  },
  {
    "name": "PRDRPT.CPY",
    "path": "/xconv/promptora/invensys/input/src\\COBOL/copybooks\\PRDRPT.CPY",
    "type": "COBOL/copybooks"
  },
  {
    "name": "SQLOPS.CPY",
    "path": "/xconv/promptora/invensys/input/src\\COBOL/copybooks\\SQLOPS.CPY",
    "type": "COBOL/copybooks"
  },
  {
    "name": "STRRPT.CPY",
    "path": "/xconv/promptora/invensys/input/src\\COBOL/copybooks\\STRRPT.CPY",
    "type": "COBOL/copybooks"
  },
  {
    "name": "UTILPROC.CPY",
    "path": "/xconv/promptora/invensys/input/src\\COBOL/copybooks\\UTILPROC.CPY",
    "type": "COBOL/copybooks"
  },
  {
    "name": "dataloader.sh",
    "path": "/xconv/promptora/invensys/input/src\\scripts\\dataloader.sh",
    "type": "scripts"
  },
  {
    "name": "REMOTE-INVENTORY-SYSTEM.COB",
    "path": "/xconv/promptora/invensys/input/src\\COBOL\\REMOTE-INVENTORY-SYSTEM.COB",
    "type": "COBOL"
  },
  {
    "name": "REMOTEFILEGEN.COB",
    "path": "/xconv/promptora/invensys/input/src\\COBOL\\REMOTEFILEGEN.COB",
    "type": "COBOL"
  },
  {
    "name": "DLYREC.CPY",
    "path": "/xconv/promptora/invensys/input/src\\COBOL/copybooks\\DLYREC.CPY",
    "type": "COBOL/copybooks"
  },
  {
    "name": "INVMNUWS.CPY",
    "path": "/xconv/promptora/invensys/input/src\\COBOL/copybooks\\INVMNUWS.CPY",
    "type": "COBOL/copybooks"
  },
  {
    "name": "INVREC.CPY",
    "path": "/xconv/promptora/invensys/input/src\\COBOL/copybooks\\INVREC.CPY",
    "type": "COBOL/copybooks"
  },
  {
    "name": "SLTRNREC.CPY",
    "path": "/xconv/promptora/invensys/input/src\\COBOL/copybooks\\SLTRNREC.CPY",
    "type": "COBOL/copybooks"
  },
  {
    "name": "SLTRNWS.CPY",
    "path": "/xconv/promptora/invensys/input/src\\COBOL/copybooks\\SLTRNWS.CPY",
    "type": "COBOL/copybooks"
  },
  {
    "name": "SLSTRNFW.CPY",
    "path": "/xconv/promptora/invensys/input/src\\COBOL/copybooks\\SLSTRNFW.CPY",
    "type": "COBOL/copybooks"
  },
  {
    "name": "SRCHPBN.CPY",
    "path": "/xconv/promptora/invensys/input/src\\COBOL/copybooks\\SRCHPBN.CPY",
    "type": "COBOL/copybooks"
  },
  {
    "name": "UPNINVFL.CPY",
    "path": "/xconv/promptora/invensys/input/src\\COBOL/copybooks\\UPNINVFL.CPY",
    "type": "COBOL/copybooks"
  },
  {
    "name": "INVMNVSC.CPY",
    "path": "/xconv/promptora/invensys/input/src\\COBOL/copybooks\\INVMNVSC.CPY",
    "type": "COBOL/copybooks"
  },
  {
    "name": "SLSTRNSC.CPY",
    "path": "/xconv/promptora/invensys/input/src\\COBOL/copybooks\\SLSTRNSC.CPY",
    "type": "COBOL/copybooks"
  },
  {
    "name": "STORESSYS-DDL.SQL",
    "path": "/xconv/promptora/invensys/input/src\\SQL\\STORESSYS-DDL.SQL",
    "type": "SQL"
  }
]