{
  "main_programs": [
    {
      "program_name": "PROGRAM_A",
      "calls": [
        {
          "line_no": 10,
          "program_name": "SUBPROG_B",
          "parameters": {
            "input": [
              "INPUT_VAR_1",
              "INPUT_VAR_2"
            ],
            "output": [
              "OUTPUT_VAR_3"
            ]
          }
        },
        {
          "line_no": 20,
          "program_name": "UTILITY_C",
          "parameters": {
            "input": [
              "INPUT_VAR_4"
            ],
            "output": []
          }
        }
      ]
    },
    {
      "program_name": "PROGRAM_D",
      "calls": [
        {
          "line_no": 15,
          "program_name": "SUBPROG_E",
          "parameters": {
            "input": [
              "INPUT_VAR_5",
              "INPUT_VAR_6"
            ],
            "output": [
              "OUTPUT_VAR_7"
            ]
          }
        }
      ]
    }
  ],
  "subprograms": [
    {
      "subprogram_name": "SUBPROG_B",
      "called_by": [
        "PROGRAM_A"
      ],
      "calls": []
    },
    {
      "subprogram_name": "SUBPROG_E",
      "called_by": [
        "PROGRAM_D"
      ],
      "calls": []
    }
  ],
  "utilities": [
    {
      "utility_name": "UTILITY_C",
      "called_by": [
        "PROGRAM_A"
      ],
      "parameters": {
        "input": [
          "INPUT_VAR_4"
        ],
        "output": []
      }
    }
  ]
}